file,pages,language,type,range,beat,upazila,union_name,fiscal_year,area_ha,area_skm,seedlings,species,note
Noakhali Range 2023-24.pdf,8,en,strip,Noakhali,,Noakhali Sadar,"Noakhali, Ayasbaliya, Dharmopur",2023-24,,10.0,10000,"Jhaw, Amlaki, Horitaki, Bohera, Shimul, Mango, Kalo Jam, Raintree, Koroi, Arjun, Neem, Guava, Jackfruit, Mehagoni, Akashmoni, Babla, Krisnachura, Jarul, Gammer, Panial, Epil Epil, Hijol, Sondory, Katbadam",
P1280007.pdf,20,en,mangrove,Jahajmara,Char Kalam,Hatiya,Jahajmara,2020-21,400.0,,1777600,"Keora, Gewa, Bain",
P1471001.pdf,13,en,mangrove,Sagoria,Char Alim,Hatiya,Burir Char,2019-20,400.0,,1777600,"Keora, Gewa, Bain",
P1471002.pdf,6,en,mangrove enrichment,Sagoria,Char Alim,Hatiya,,2020-21,30.0,,9000,,
P1471003.pdf,12,en,mangrove,Sagoria,Char Alim,Hatiya,Bhasan Char,2020-21,400.0,,1777600,"Keora, Gewa, Bain",
P1471004.pdf,17,en,mangrove,Sagoria,Char Alim,Hatiya,Bhasan Char,2021-22,500.0,,2222000,"Keora, Gewa, Bain",
P1475001.pdf,9,en,mangrove,Charbata,Bashkhali,Subarnachar,Charbata,2019-20,200.0,,888800,Keora,
P1475002.pdf,13,en,mangrove,Charbata,Bashkhali,Hatiya,Chanondi,2020-21,400.0,,1777600,"Keora, Gewa, Bain",
P1475003.pdf,15,en,mangrove,Charbata,Bashkhali,Hatiya,Chanondi,2021-22,500.0,,2222000,"Keora, Gewa",
P1475004.pdf,16,en,mangrove,Charbata,Bashkhali,Hatiya,Chanondi,2022-23,790.0,,3410760,"Keora, Gewa",
P1475005.pdf,10,en,strip,Charbata,Bashkhali,Subarnachar,,2019-20,,5.0,5000,"Akashmoni Jhaw, Raintree, Koroi, Arjun, Neem, Guava, Jackfruit",
P1475015.pdf,13,en,mangrove,Charbata,Bashkhali,Hatiya,"Nolchira, Jahajmara",2023-24,750.0,,3333000,"Keora, Gewa",
P1477001.pdf,10,en,mangrove,Char Alauddin,Sadar,Subarnachar,,2019-20,300.0,,1333200,"Keora, Gewa",
P1477002.pdf,12,en,strip,Char Alauddin,Sadar,Subarnachar,Char Clark,2019-20,,12.0,12000,"Jhaw, Raintree, Akashmoni, Mehogoni, Menjiam, Neem, Arjun, Guava, Amloki, Tetul, Jackfruit, Jam, Khejur, BoroiBabla, NataiIpil-ipil, hisu, Gamar, Koronja",
P1477003.pdf,8,en,mangrove,Char Alauddin,Sadar,Subarnachar,,2020-21,250.0,,1111000,"Keora, Gewa",
P1477004.pdf,11,en,mangrove,Char Alauddin,Sadar,Subarnachar,,2021-22,500.0,,2222000,"Keora, Gewa",
P1477005.pdf,14,en,mangrove,Char Alauddin,Sadar,Subarnachar,"Mohammdpur, Nolchira",2022-23,790.0,,3510760,"Keora, Gewa",
P1477015.pdf,15,en,mangrove,Char Alauddin,Sadar,Hatiya,"Nolchira, Nijhum Dipa",2023-24,750.0,,3333000,"Keora, Gewa","seedlings OCR value 333,300 replaced by expected 3,333,000"
P1480001.pdf,5,en,mangrove enrichment,Jahajmara,Char Kalam,Hatiya,,2020-21,20.0,,,,
P1480006.pdf,7,en,mangrove,Jahajmara,Char Kalam,Hatiya,,2019-20,300.0,,1333200,"Keora, Gewa",
P1481001.pdf,6,en,other,Jahajmara,Char Osman,Hatiya,,2021-22,5.0,,,,
P1481002.pdf,6,en,other,Jahajmara,Char Osman,Hatiya,,2022-23,20.0,,,,
P1481003.pdf,8,en,mangrove,Jahajmara,Char Osman,Hatiya,,2019-20,50.0,,125000,Jhau,
P1481004.pdf,8,en,mangrove,Jahajmara,Char Osman,Hatiya,Nijomdiwep,2022-23,20.0,,50000,Casuarina equisetifolia,
P1481012.pdf,13,en,mangrove,Jahajmara,Char Osman,Hatiya,Nijhum Dwep,2023-24,550.0,,2444200,"Keora, Gewa, Bain",
P1486001.pdf,11,en,strip,Habibiya,Bashkhali,"Subarnachar, Hatiya","Charbata, Harani",2021-22,,80.0,80000,"Jhaw, Raintree, Koroi, Arjun, Neem, Guava, Jackfruit, Mahagoni, Akashmoni, Babla, Krisnachura, Sunalo, Jharul, Khathbadam, Koromcha, Amloki, Kodbel, Jham, Hortaki, Bohera, Mango, Natai, Jamrul",
P1486002.pdf,8,en,mangrove,Habibiya,Bashkhali,Hatiya,,2020-21,250.0,,,Keora,
P1486003.pdf,19,en,mangrove,Habibiya,Bashkhali,Hatiya,,2021-22,500.0,,,,
P1486004.pdf,11,en,mangrove,Habibiya,Bashkhali,Hatiya,Char Farid,2022-23,790.0,,3510760,"Keora, Gewa",
P1486012.pdf,11,en,mangrove,Habibiya,Bashkhali,Hatiya,,2023-24,750.0,,3510760,"Keora, Gewa",
P1487001.pdf,5,mixed,mangrove enrichment,Nalchira,Oskhali,Hatiya,,2020-21,20.0,,6000,,
P1487002.pdf,9,en,mangrove,Nalchira,Oskhali,Hatiya,Tomoroddi,2020-21,500.0,,2222000,Keora,
P1487003.pdf,5,bn,,,,,,,,,,,
P1487004.pdf,9,en,mangrove,Nalchira,Oskhali,Hatiya,Char Iswar,2019-20,300.0,,1333200,Keora,
P1487005.pdf,9,en,mangrove,Nalchira,Oskhali,Hatiya,Char Ishwar,2021-22,500.0,,2222000,Keora,
P1487006.pdf,9,en,mangrove,Nalchira,Oskhali,Hatiya,Char Ishwar & Tomoroddi,2022-23,790.0,,3510760,Keora,
P1487015.pdf,12,en,mangrove,Nalchira,Oskhali,Hatiya,Tomoroddi,2023-24,750.0,,3333000,Keora,
P1490001.pdf,5,bn,,,,,,,,,,,
P1490002.pdf,7,en,mangrove,Nalchira,Dhal Char,Hatiya,Sukh Char,2021-22,100.0,,250000,Casuarina equisetifolia,
P1490003.pdf,14,en,mangrove,Nalchira,Dhal Char,Hatiya,Sukh Char,2022-23,50.0,,125000,Casuarina equisetifolia,
P1494001.pdf,9,en,mangrove,Companigonj,Char Balua,Hatiya,,2021-22,500.0,,2222000,"Keora, Gewa, Bain",
P1494002.pdf,6,bn,,,,,,,,,,,
P1494003.pdf,13,en,mangrove,Companigonj,Char Balua,Hatiya,,2022-23,775.0,,3444100,"Keora, Bain",
P1494004.pdf,9,en,strip,Companigonj,Char Balua,Companigonj,"Char Parbuti, Musapur, Char Elahi",2019-20,,10.0,10000,"Jhaw, Raintree, Akashmoni, Mehogoni, Menjiam, Neem, Arjun, Guava, Amloki, Tetul, Jackfruit, Jam, Khejur, Boroi, Babla, Natai, Ipil-ipil, Shisu, Gamar, Koronja",
P1494005.pdf,9,en,strip,Companigonj,,Companigonj,Char Parbuti,2021-22,,45.0,45000,"Jhaw, Raintree, Akashmoni, Mehogoni, Menjiam, Neem, Arjun, Guava, Amloki, Tetul, Jackfruit, Jam, Khejur, Boroi, Babla, Natai, Ipil-ipil, Shisu, Gamar, Koronja",
P1494012.pdf,12,en,mangrove,Companigonj,Char Balua,Hatiya,,2023-24,750.0,,3333000,Keora,
P1495008.pdf,14,en,mangrove,Jahajmara,Char Rowsan,Hatiya,Nijhum Dwip,2021-22,500.0,,2222000,"Keora, Gewa, Bain",
P1495009.pdf,15,en,mangrove,Jahajmara,Char Rowsan,Hatiya,Nijhum Dwep,2022-23,850.0,,3777400,"Keora, Gewa, Bain",
P1496002.pdf,6,en,mangrove enrichment,Jahajmara,Jahajmara Sadar,Hatiya,,2021-22,50.0,,,,
P1496005.pdf,8,en,mangrove,Jahajmara,Jahajmara Sadar,Hatiya,Jahajmara,2021-22,50.0,,125000,Jhaw,
P1496010.pdf,6,en,strip,Jahajmara,Sadar,Hatiya,Jahajmara,2019-20,,5.0,5000,"Jhaw, Akashmoni, Sundari, Pashur, Guava, Jambura, Amloki, Jalpai, Raintree, Lambu",
P1496012.pdf,13,en,mangrove,Jahajmara,Jahajmara Sadar,Hatiya,Jahajmara,2023-24,200.0,,888800,"Keora, Gewa, Bain",
P1512005.pdf,6,bn,,,,,,,,,,,
P1512006.pdf,8,en,strip,Noakhali,,Noakhali Sadar,Noakhali & Ayasbaliya,2022-23,,10.0,10000,"Jhaw, Amlaki, Horitaki, Bohera, Shimul, Mango, Kalo Jam, Raintree, Koroi, Arjun, Neem, Guava, Jackfruit, Mahogany, Akashmoni, Babla, Krisnachura, Jarul, Gammer",
P1512007.pdf,5,bn,,,,,,,,,,,
P1512015.pdf,7,en,strip,Sadar,,Noakhali Sadar,Dharmopur,2023-24,,10.0,10000,"Jhaw, Amlaki, Horitaki, Bohera, Shimul, Mango, Kalo Jam, Raintree, Koroi, Arjun, Neem, Guava, Jackfruit, Mahogany, Akashmoni, Babla, Krisnachura, Jarul, Gamar, Panial, Epil Epil, Hijol, Sondory, Katbadam",
P1512016.pdf,8,en,strip,Noakhali,,Noakhali Sadar,"Noakhali, Ayasbaliya, Dharmopur",2023-24,,10.0,10000,"Jhaw, Amlaki, Horitaki, Bohera, Shimul, Mango, Kalo Jam, Raintree, Koroi, Arjun, Neem, Guava, Jackfruit, Mehagoni, Akashmoni, Babla, Krisnachura, Jarul, Gammer, Panial, Epil, Hijol, Sondory, Katbadam",
P1515001.pdf,4,bn,,,,,,,,,,,
P1515005.pdf,6,bn,,,,,,,,,,,
P1516001.pdf,6,bn,,,,,,,,,,,
P1516002.pdf,4,bn,,,,,,,,,,,
P1517005.pdf,7,en,strip,Maijdee SFNTC,,Noakhali Sadar,"Awshadia, Kaladoraph, Underchar",2021-22,,20.0,20000,"Jhaw, Raintree, Koroi, Arjun, Neem, Guava, Jackfruit, Mahogany, Akashmoni, Babul, Krisnachura, Sunalo, Jharul, Khathbadam, Koromcha, Amloki, Kodbel, Jham, Hortaki, Bohera, Mango, Natai",
P1517006.pdf,7,en,strip,Maijdee SFNTC,,Noakhali Sadar,"Kadirhanif, Newajpur, Awshadia & Darmapur",2022-23,,25.0,25000,"Jhaw, Amlaki, Horitaki, Bohera, Shimul, Mango, Kalo Jam, Raintree, Koroi, Arjun, Neem, Guava, Jackfruit, Mahogany, Akashmoni, Babla, Krisnachura, Jarul, Gammer",
P1541001.pdf,7,mixed,mangrove enrichment,Sagoria,Char Rehania,Hatiya,,2021-22,50.0,,15000,,
P1541005.pdf,12,en,mangrove,Sagoria,Char Rehania,Hatiya,Bhasan Char,2022-23,790.0,,3510760,"Keora, Gewa, Bain",
P1541015.pdf,15,en,mangrove,Sagoria,Char Rehania,Hatiya,"Burirchar, No. Nejumudip, Bhasan Char",2023-24,750.0,,3333000,"Keora, Gewa, Bain","seedlings OCR value 333,300 replaced by expected 3,333,000"
P1561001.pdf,10,en,strip,Subarnachar SFPC,,Subarnachar,Char Aman Ullah,2019-20,,20.0,20000,"Jhaw, Rain tree, Koroi, Arjun, Neem, Guava, Jackfruit, Mahogany, Akashmoni, Natai",
P1561002.pdf,15,mixed,strip,Subarnachar SFPC,,Subarnachar,"Char Jabbar, Char Jubilee, Char Clark & Char Aman Ullah",2021-22,,100.0,100000,"Jhaw, Raintree, Koroi, Arjun, Neem, Guava, Jackfruit, Mahagoni, Akashmoni, Babla, Krisnachura",
P1561006.pdf,8,en,strip,Subarnachar SFPC,,Subarnachar,Char Jubilly & Char Jabbar,2023-24,,10.0,10000,"Amlaki, Horitaki, Bohera, Jhaw, Shimul, Mango, Kalo Jam, Raintree, Koroi, Arjun, Neem, Guava, Jackfruit, Mahogany, Akashmoni, Babla, Krisnachura, Jarul, Gammer, Panial, Epil Epil, Katbadam","seedlings OCR value 810,000 replaced by expected 10,000"
P1568005.pdf,6,en,strip,,,Ramgoti,Char Alexander,2019-20,,10.0,10000,Jhaw,
P1569001.pdf,6,en,strip,Kamalnagar SFPC,,Kamalnagar,"Hajir Hat, Char Kadira",2019-20,,10.0,10000,"Shaw, Kathbadam, Ipil, Kathal, Perea, Bakul, Nim, Tatul, Jambura",
P1570001.pdf,9,en,strip,Kabirhat SFPC,,Kabirhat,Ghoshbag & Dhanshalik,2021-22,,10.0,10000,"Jhaw, Amlaki, Horitaki, Bohera, Shimul, Mango, Kalo Jam, Raintree, Koroi, Arjun, Neem, Guava, Jackfruit, Mahogany, Akashmoni, Babla, Krisnachura",
P1570002.pdf,7,en,strip,,,Kabirhat,Dhanshiri,2022-23,,10.0,10000,"Jhaw, Amlaki, Horitaki, Bohera, Shimul, Mango, Kalo Jam, Raintree, Koroi, Arjun, Neem, Guava, Jackfruit, Mahagoni, Akashmoni, Babla, Krisnachura",
P1570005.pdf,8,en,strip,,,Kabirhat,Ghosh Bagh,2023-24,,10.0,10000,"Jhaw, Amlaki, Horitaki, Bohera, Shimul, Mango, Kalo Jam, Raintree, Koroi, Arjun, Neem, Guava, Jackfruit, Mahagoni, Akashmoni, Babla, Krisnachura, Jarul, Gammer, Panial, Epil Epil, Katbadam",
P1571005.pdf,6,bn,,,,,,,,,,,
P1588001.pdf,6,en,mangrove,Char Alexander,Vayarchar,Hatiya,,2022-23,425.0,,1888700,Keora,
P1588015.pdf,7,en,mangrove,Char Alexander,Vayarchar,Hatiya,,2023-24,700.0,,3110800,Keora,
P1597005.pdf,5,bn,,,,,,,,,,,
Raipur SFPC 2023-24.pdf,5,bn,,,,,,,,,,,
Sadar Range 2023-24.pdf,7,en,strip,Sadar,,Noakhali Sadar,Dharmopur,2023-24,,10.0,10000,"Jhaw, Amlaki, Horitaki, Bohera, Shimul, Mango, Kalo Jam, Raintree, Koroi, Arjun, Neem, Guava, Jackfruit, Mahogany, Akashmoni, Babla, Krisnachura, Jarul, Gamar, Panial, Epil Epil, Hijol, Sondory, Katbadam",
Subarnachar SFPC 2023-24.pdf,8,en,strip,Subarnachar SFPC,,Subarnachar,Char Jubilly & Char Jabbar,2023-24,,10.0,10000,"Amlaki, Horitaki, Bohera, Jhaw, Shimul, Mango, Kalo Jam, Raintree, Koroi, Arjun, Neem, Guava, Jackfruit, Mahogany, Akashmoni, Babla, Krisnachura, Jarul, Gammer, Panial, Epil Epil, Katbadam","seedlings OCR value 810,000 replaced by expected 10,000"
